id,name,lat,lon,line
5305510175,展览中心,22.9048732,113.656527,
5430384679,黄沙,23.1119285,113.2349684,
5441572927,纪念堂,23.1351289,113.2580736,
5441712382,三元里,23.1613902,113.2517276,
5441714428,普君北路,23.030176,113.1177994,
5441725490,天河客运站,23.1734043,113.3386132,
5444544490,机场南（1号航站楼）,23.3887083,113.297575,
5444580751,石壁,22.9970371,113.2733018,
5444596609,东湖,23.1175468,113.2838684,
5444604525,黄陂,23.1909206,113.427716,
5444631263,珠江新城,23.1219814,113.3158018,
5444643981,烈士陵园,23.1293267,113.2801067,
5444651622,江南西,23.0999901,113.2685647,
5444654094,天平架,23.1621946,113.3154443,
5444657766,植物园,23.1921968,113.3598888,
5444664708,黄花岗,23.1436235,113.2943388,
5444670338,石牌桥,23.1357069,113.3265133,
5447412386,桂城,23.0341777,113.1360583,
5447436320,魁奇路,22.9962272,113.103127,
5447446564,世纪莲,22.9679295,113.1100146,
5447501401,昌岗,23.0931515,113.2714718,
5447515939,五羊邨,23.1224641,113.3088686,
5447531190,南桂路,23.0367782,113.1486741,
5450281413,公园前,23.1281,113.2588495,
5451842426,夏园,23.0858023,113.513202,
5502518893,河沙,23.1382761,113.2120229,
5502588220,坦尾,23.1278051,113.2128276,
5503147639,沙贝,23.1549232,113.2060346,
5503187210,浔峰岗,23.1666659,113.1965224,
5504963202,横沙,23.1607911,113.2013659,
5517974025,如意坊,23.117807,113.2257124,
5527530679,一德路,23.1154916,113.2521025,
5575964088,西塱,23.0686023,113.2266586,
5577775746,坑口,23.0816812,113.2271268,
5577798642,花地湾,23.0897763,113.2286778,
5577951649,芳村,23.1012762,113.230577,
5578025816,长寿路,23.1210478,113.2367015,
5578029343,陈家祠,23.1287473,113.2413838,
5578044178,西门口,23.12796,113.2503501,
5578075708,农讲所,23.1291942,113.2702048,
5578133632,体育中心,23.1374357,113.3228549,
5581818525,广州南站,22.991726,113.2645482,
5582119493,南浦,23.0361676,113.2881871,
5582124856,洛溪,23.0457932,113.2932993,
5582481722,东晓南,23.0739771,113.2887836,
5582487251,江泰路,23.0847257,113.275107,
5582526161,市二宫,23.1088215,113.2646995,
5582577701,越秀公园,23.1424518,113.2560768,
5584482233,飞翔公园,23.171374,113.2582558,
5584512715,白云公园,23.1842743,113.2655818,
5584516374,白云文化广场,23.1924349,113.270208,
5585687018,萧岗,23.2014493,113.2752528,
5585697462,江夏,23.213911,113.2778722,
5585706946,黄边,23.2243426,113.2818743,
5585712104,嘉禾望岗,23.2399415,113.2837327,
5589603247,新和,23.4157329,113.4615955,
5589603248,红卫,23.4016256,113.4821321,
5589609094,新南,23.3798104,113.4899684,
5589612048,枫下,23.3659091,113.5027794,
5589612963,知识城,23.3523898,113.5193505,
5589615545,何棠下,23.3340146,113.5384823,
5589616198,旺村,23.3258312,113.5467408,
5589617986,汤村,23.3099826,113.5596033,
5589618094,镇龙北,23.2922799,113.5719532,
5589619868,镇龙,23.2872675,113.5879842,
5592771680,市桥,22.9520015,113.3563076,
5593735757,大石,23.0204802,113.3163407,
5593744734,厦滘,23.0406267,113.3153367,
5594170155,大塘,23.0805362,113.3167285,
5594210092,客村,23.0989963,113.3148785,
5594226424,广州塔,23.1090463,113.3179853,
5594281055,林和西,23.1438953,113.3184278,
5594395429,岗顶,23.1374389,113.3341368,
5594400860,华师,23.142627,113.3394155,
5594435969,五山,23.1554852,113.34645,
5594558281,燕塘,23.1628108,113.3215111,
5594571650,同和,23.1996428,113.3209112,
5594575445,梅花园,23.1777661,113.3150198,
5594576252,京溪南方医院,23.1877441,113.3205325,
5594576929,永泰,23.222529,113.3008171,
5594584321,白云大道北,23.2247398,113.2920445,
5594584507,龙归,23.2917286,113.2950695,
5594586174,人和,23.3381892,113.2902319,
5594587079,高增,23.3577908,113.2901131,
5594592286,机场北（2号航站楼）,23.3979728,113.2996568,
5596105391,低涌,22.9222268,113.4795003,
5596132264,海傍,22.9422362,113.4699478,
5596459255,大学城北,23.060245,113.3804409,
5596469009,官洲,23.0696227,113.3712545,
5596537027,万胜围,23.1002339,113.3790567,
5596784682,车陂,23.1267803,113.3900149,
5596832775,黄村,23.1351875,113.4013284,
5597813826,滘口,23.1164037,113.2030593,
5597964732,中山八,23.1289093,113.2277275,
5598389388,西场,23.1399562,113.2327811,
5598402252,西村,23.1443634,113.2364628,
5598511573,小北,23.1421364,113.2714218,
5598534883,淘金,23.1390887,113.2811445,
5598548552,区庄,23.1370941,113.2916067,
5598770422,动物园,23.1373761,113.3017918,
5598840721,杨箕,23.1300853,113.3026093,
5598897936,猎德,23.1208689,113.3271488,
5598922443,潭村,23.1200662,113.3404065,
5598942382,员村,23.1177398,113.3581989,
5598951185,科韵路,23.1215413,113.3718568,
5598960385,东圃,23.1117038,113.3962139,
5600218515,三溪,23.106625,113.4103668,
5600223777,鱼珠,23.1027888,113.426824,
5600227874,大沙地,23.1059054,113.4407328,
5600229129,大沙东,23.1088448,113.4520367,
5600231965,文冲,23.10629,113.4635299,
5602280386,北京路,23.1216392,113.2650224,
5602394307,团一大广场,23.1209798,113.2727792,
5604721396,沙河顶,23.149865,113.3013404,
5606615788,长湴,23.1810174,113.3442282,
5608664421,龙洞,23.1934238,113.3720698,
5608989279,柯木塱,23.1958707,113.3908528,
5613127739,暹岗,23.174878,113.4547204,
5613127740,金峰,23.183796,113.4456455,
5613455214,萝岗,23.178491,113.4765107,
5613732990,香雪,23.1750415,113.495943,
6289527416,西平,22.9968491,113.7413049,
6487873946,大学城南,23.0461368,113.3947575,
6487873948,新造,23.0309054,113.4100668,
6487873949,石碁,22.9598622,113.4598355,
6490208822,坑贝,23.2815106,113.6376868,
6490208823,凤岗,23.2791341,113.6650884,
6490208824,朱村,23.274982,113.6963482,
6490208825,中新,23.2881831,113.6078885,
6490208826,镇龙西,23.2810787,113.568544,
6490208829,山田,23.2790946,113.7395342,
6491001176,石溪,23.0705319,113.2806352,
6491001177,沙园,23.0911746,113.2552976,
6491001178,沙涌,23.0859864,113.2418129,
6491001179,鹤洞,23.0753508,113.2348608,
6491001180,菊树,23.0685251,113.2076636,
6491001181,龙溪,23.068282,113.1868541,
6491001182,金融高新区,23.0686698,113.1530235,
6491001183,千灯湖,23.0575032,113.1500148,
6491001184,𧒽岗,23.04518,113.1499495,
6491001285,朝安,23.0301623,113.1277392,
6491001286,祖庙,23.0296284,113.1066766,
6491001287,同济路,23.0216223,113.1030268,
6491001288,季华园,23.0096252,113.1030462,
6491001289,燕岗,23.0786846,113.2659907,
6491001290,澜石,22.9866445,113.1015033,
6491001291,东平,22.9677025,113.1236856,
6491001292,新城东,22.9615085,113.1349373,
6491001293,南洲,23.0672586,113.2925006,
6495389764,神岗,23.4776894,113.5121407,
6495389765,东风,23.5695574,113.5957494,
6496315113,钟落潭,23.3779275,113.3951068,
6496315114,竹料,23.3512259,113.3629548,
6496315115,太和,23.3014239,113.3414188,
6496315116,夏良,23.2800879,113.3180738,
6508660705,赤草,23.5039659,113.5551611,
6508660706,从化客运站,23.5343304,113.5896318,
6521403848,马沥,23.3966392,113.4451203,
6553091585,宝岗大道,23.0887467,113.2642878,
6585416855,高塘石,23.1934152,113.4046149,
6635562080,番禺广场,22.9382184,113.3799037,
6665354313,晓港,23.0958114,113.2765887,
6839413181,体育西路,23.1338184,113.3161354,
6898322555,文化公园,23.1116869,113.2445068,
7071675992,苏元,23.1733132,113.4626686,
7071675993,天河智慧城,23.1654778,113.3977405,
7071675994,大观南路,23.1470693,113.4013854,
7071675996,棠东,23.1333588,113.3844164,
7071675998,天河公园,23.1277271,113.3573631,
7090438961,长平,23.2125399,113.484341,
8166673845,广州北站,23.3789577,113.1962357,
8541104807,中大,23.0946242,113.2878149,
8541166927,鹭江,23.0979067,113.3028743,
8541171536,赤岗,23.0997074,113.3296496,
9061404692,会江,23.0158319,113.2812204,
9088053352,员岗,23.0183825,113.3590971,
9088087354,琶洲,23.1012875,113.3622342,
9088087355,新港东,23.1012416,113.3514626,
9090121426,聚龙,23.1838553,113.2332812,
9090121486,鹅掌坦,23.1587939,113.2306699,
9090121505,同福西,23.1043227,113.2470747,
9090253974,花果山公园,23.3899011,113.2129875,
9090253996,花都广场,23.4039209,113.2169853,
9090254014,马鞍山公园,23.4018757,113.2327078,
9090259738,莲塘,23.3916173,113.240174,
9090259739,清㘵,23.380822,113.2455096,
9090259808,清塘,23.3749134,113.2574816,
9090676205,飞鹅岭,23.3808232,113.1494446,
9090681420,花都汽车城,23.3821991,113.1749588,
9090884238,南海神庙,23.0857536,113.4923278,
9090884241,双岗,23.0970218,113.4685849,
9090884269,裕丰围,23.0974073,113.4500754,
9093542920,新沙,23.1397286,113.6447226,
9093542937,官湖,23.1403597,113.6314121,
9093542960,新塘,23.1345416,113.5990559,
9093543012,沙村,23.1134469,113.5648769,
9093543061,南岗,23.0975048,113.5359278,
9093584932,白云东平,23.2537798,113.3126346,
9094389169,太平,23.4545552,113.4865433,
9099659614,水西,23.1896098,113.4736963,
9110804366,冼村,23.1284496,113.3228445,
9110804367,磨碟沙,23.1036079,113.3383117,
9110804368,龙潭,23.0818855,113.3354192,
9110804369,沙溪,23.0392856,113.3330404,
9110804370,南村万博,23.0072858,113.3422576,
9119537340,广州东站,23.1537492,113.3190458,
9131707570,沥滘,23.0571656,113.3139361,
9139582307,番禺广场,22.9362295,113.3787824,
9179167270,广州东站,23.1525336,113.3194613,
9211705541,车陂南,23.1183256,113.3846539,
9220578094,广州火车站,23.1505659,113.2519606,
9225232063,磨碟沙,23.1012256,113.3362501,
9225232064,华林寺,23.1207642,113.2418239,
9238609568,沥滘,23.057492,113.313925,
9371696899,南庄,22.9857696,113.0012734,
9371696900,湖涌,23.0057011,113.0062226,
9371696901,石湾,23.0083241,113.077596,
9371696902,绿岛湖,23.004547,113.0286614,
9371696903,智慧新城,23.0136753,113.0501119,
9371696904,沙岗,22.9990723,113.0887028,
9372157605,张槎,23.0136445,113.0625491,
9372157606,石梁,22.9953616,113.1128539,
9372157607,湾华,22.9946737,113.1260983,
9372157608,登洲,22.9816063,113.1435904,
9372157609,仙涌,22.985728,113.1929167,
9372157610,花卉世界,22.9760999,113.1558031,
9372157611,石洲,22.9933493,113.2108038,
9372157612,林岳西,22.9964566,113.231773,
9372157613,林岳东,22.9966962,113.2443459,
9372157614,广州南站,22.9910905,113.2604785,
9396724897,海珠广场,23.1175005,113.2602568,
9396731718,东山口,23.1264857,113.2901636,
9433838623,寮厦,22.9438507,113.6685412,
9433838624,珊美,22.929467,113.6598046,
9436575386,陈屋,22.9612236,113.6858066,
9436575387,蛤地,22.9808408,113.7238906,
9625872462,市广路,22.9740302,113.3318043,
9625872463,广州南站,22.9916366,113.2667703,
9625872464,陈头岗,23.0162194,113.2605701,
9706799347,大洲,22.9865903,113.2520012,
9706799348,陈村北,22.9788197,113.2398796,
9706799349,陈村,22.9707566,113.2315806,
9706799350,锦龙,22.9567914,113.235791,
9706799351,南涌,22.9419037,113.2327155,
9706799352,美的,22.9364785,113.2215575,
9706799353,北滘公园,22.9329013,113.2066843,
9706799354,美的大道,22.9476007,113.2023646,
10290250424,潭州会展,22.951384,113.1592602,
10290250425,岳步,22.9456303,113.1395929,
10290250426,北滘西站,22.9547553,113.1727839,
10290250427,高村,22.9474747,113.1889489,
10290250430,大墩,22.9564805,113.1238261,
10290250431,亚艺公园,23.0045462,113.1243188,
10290250432,季华六路,23.014656,113.131399,
10290250433,镇安,23.0187365,113.1389172,
10291042781,广教,22.9117781,113.2074501,
10758253464,彩虹桥,23.1375286,113.2403916,
11462683161,双沙,23.1005222,113.4788081,
11462683164,庙头,23.0871951,113.497612,
11462695569,保盈大道,23.0771439,113.5207944,
11462695572,夏港,23.0662247,113.519926,
11462695575,黄埔新港,23.0551078,113.5195136,
11462702419,深井,23.0710005,113.4036776,
11464477038,长洲,23.0783619,113.4234956,
11465431425,燕山,23.1975715,113.4692565,
11465477565,科丰路,23.1653334,113.4606253,
11465477566,加庄,23.1503279,113.4546453,
11465513469,姬堂,23.1346334,113.4504332,
11465530866,夏园,23.0855342,113.5132827,
11585941179,赤沙,23.0871572,113.3583546,
12089221276,汉溪长隆,22.9961827,113.3244015,
12091253926,南村万博,23.006537,113.3390302,
12110386532,龙口西,23.1439868,113.3322834,
12110386533,广州东站,23.1550718,113.3196269,
12118805051,佛山大学,23.1481525,113.0499657,
12129452087,兴业东路,23.0924537,113.0227839,
12129452088,联和,23.0632653,113.0795225,
12129452089,孝德东,23.0697403,113.0639264,
12129452090,罗村,23.069524,113.0463163,
12129452091,中山公园,23.0503885,113.110739,
12129452093,科盛路站,23.1099815,113.0186158,
12133552310,西约,23.0432417,113.1347265,
12133552311,叠滘,23.0507278,113.1220719,
12134745606,佛山西站,23.0823919,113.0280719,
12134745607,博爱中路,23.1190344,113.0201681,
12134745608,南海大学城,23.1427085,113.026763,
12134745611,南海大学城,23.1426973,113.0268152,
12134745612,南海大学城,23.1427441,113.0267121,
12279132341,云台花园,23.1565627,113.287843,
12279132342,大金钟路,23.1644515,113.2717467,
12290352332,昌平,23.0196032,113.6824669,
12290352333,人民医院,23.0294652,113.6941135,
12290352334,厚德,23.0122918,113.6562547,
12290352338,东莞西站,23.0124566,113.6225022,
12290352340,曲海,23.0347579,113.7118129,
12290352343,坝头,23.0249509,113.7217237,
12290352347,元美,23.0194688,113.7352276,
12290352350,中心广场,23.0173285,113.7479067,
12301337482,海傍,22.9435886,113.4714536,
12301337483,海涌路,22.9445221,113.4520509,
12301337484,石碁南,22.9406395,113.4344956,
12301337485,傍江,22.9393769,113.4040122,
12451526976,华景路,23.1367641,113.3540391,
12451526995,中医药大学,23.1601148,113.2637547,
12451641905,梓元岗,23.1561092,113.2576719,
12451641906,流花,23.1423894,113.2518513,
12451641911,大冲口,23.0919143,113.2391885,
12451641912,石围塘,23.1063522,113.2199179,
12451641913,鹤洞东,23.0738595,113.2456653,
12451641914,棣园,23.0757862,113.2593205,
12451641915,五凤,23.084648,113.2903763,
12451641916,逸景路,23.084675,113.2995211,
12451641917,上涌,23.0823992,113.307502,
12463174649,凤凰新村,23.0974684,113.250602,
12509415977,大江社村,23.1338012,112.9657809,
12509433746,新城医院,23.1376258,112.955636,
12509433759,莲子塘,23.1468845,112.9357252,
12860999882,佛山高铁站(在建),23.0524806,113.0923846,
12961482900,二沙岛,23.1126052,113.2980699,
12961510592,浔峰岗,23.1686036,113.1962419,
12961510593,浔峰岗北,23.175367,113.2016176,
12961510594,西洲,23.1870564,113.2179168,
12961510595,广州白云站,23.1951004,113.2425587,
12961510596,棠涌,23.1987453,113.2485171,
12961510597,新市墟,23.1972317,113.2589884,
12961510598,白云文化广场,23.1957744,113.271021,
12961510599,广州体育馆,23.1837986,113.2730248,
12961546562,花围,23.0602944,113.2393685,
12961546563,东沙,23.0595085,113.2590883,
12961546564,大干围,23.0631532,113.2780461,
12961546565,工业大道南,23.0703879,113.2833109,
12961546566,滨江东路,23.1063938,113.2867121,
12961546567,五羊邨,23.1223931,113.3061852,
12961546568,杨箕东,23.1271309,113.3104131,
12961547201,赤岗塔,23.1047927,113.3187859,
12961547202,赤沙北,23.0928846,113.3412816,
12964693535,中大南门,23.0919856,113.2910431,
